-- phpMyAdmin SQL Dump
-- version 4.8.4
-- https://www.phpmyadmin.net/
--
-- Host: 127.0.0.1
-- Generation Time: Oct 07, 2020 at 02:57 PM
-- Server version: 10.1.37-MariaDB
-- PHP Version: 7.3.1

SET SQL_MODE = "NO_AUTO_VALUE_ON_ZERO";
SET AUTOCOMMIT = 0;
START TRANSACTION;
SET time_zone = "+00:00";


/*!40101 SET @OLD_CHARACTER_SET_CLIENT=@@CHARACTER_SET_CLIENT */;
/*!40101 SET @OLD_CHARACTER_SET_RESULTS=@@CHARACTER_SET_RESULTS */;
/*!40101 SET @OLD_COLLATION_CONNECTION=@@COLLATION_CONNECTION */;
/*!40101 SET NAMES utf8mb4 */;

--
-- Database: `sms_v001`
--

-- --------------------------------------------------------

--
-- Table structure for table `sms_average_scores`
--

CREATE TABLE `sms_average_scores` (
  `avg_code` varchar(90) NOT NULL,
  `student_no` varchar(90) DEFAULT NULL,
  `avg_class` int(11) DEFAULT NULL,
  `avg_class_arm` int(11) DEFAULT NULL,
  `avg_term` int(11) DEFAULT NULL,
  `avg_session` int(11) DEFAULT NULL,
  `avg_total_marks` varchar(10) DEFAULT NULL,
  `student_average` double NOT NULL,
  `attendance` int(11) NOT NULL,
  `days_school_opened` int(11) NOT NULL,
  `result_view` varchar(25) NOT NULL
) ENGINE=InnoDB DEFAULT CHARSET=latin1;

--
-- Dumping data for table `sms_average_scores`
--

INSERT INTO `sms_average_scores` (`avg_code`, `student_no`, `avg_class`, `avg_class_arm`, `avg_term`, `avg_session`, `avg_total_marks`, `student_average`, `attendance`, `days_school_opened`, `result_view`) VALUES
('170391111', '17039', 1, 1, 1, 1, '805', 0, 97, 100, 'ACTIVE'),
('170411111', '17041', 1, 1, 1, 1, '735', 0, 87, 100, 'INACTIVE'),
('170421111', '17042', 1, 1, 1, 1, '765', 0, 88, 100, 'ACTIVE'),
('170431111', '17043', 1, 1, 1, 1, '120', 0, 90, 100, 'INACTIVE'),
('170441111', '17044', 1, 1, 1, 1, '130', 0, 93, 100, 'INACTIVE'),
('170451111', '17045', 1, 1, 1, 1, '140', 0, 94, 100, 'INACTIVE'),
('170461111', '17046', 1, 1, 1, 1, '158', 0, 95, 100, 'INACTIVE'),
('170471111', '17047', 1, 1, 1, 1, '159', 0, 97, 100, 'INACTIVE'),
('170481111', '17048', 1, 1, 1, 1, '152', 0, 96, 100, 'INACTIVE'),
('170491111', '17049', 1, 1, 1, 1, '133', 0, 87, 100, 'INACTIVE'),
('170501111', '17050', 1, 1, 1, 1, '137', 0, 89, 100, 'INACTIVE'),
('170511111', '17051', 1, 1, 1, 1, '139', 0, 95, 100, 'INACTIVE'),
('170521111', '17052', 1, 1, 1, 1, '132', 0, 94, 100, 'INACTIVE'),
('170531111', '17053', 1, 1, 1, 1, '142', 0, 70, 100, 'INACTIVE'),
('170541111', '17054', 1, 1, 1, 1, '136', 0, 75, 100, 'INACTIVE'),
('170551111', '17055', 1, 1, 1, 1, '146', 0, 89, 100, 'INACTIVE'),
('170561111', '17056', 1, 1, 1, 1, '127', 0, 78, 100, 'INACTIVE'),
('170571111', '17057', 1, 1, 1, 1, '141', 0, 67, 100, 'INACTIVE'),
('170581111', '17058', 1, 1, 1, 1, '132', 0, 76, 100, 'INACTIVE'),
('170591111', '17059', 1, 1, 1, 1, '143', 0, 72, 100, 'INACTIVE'),
('170601111', '17060', 1, 1, 1, 1, '142', 0, 90, 100, 'INACTIVE'),
('170611111', '17061', 1, 1, 1, 1, '157', 0, 89, 100, 'INACTIVE'),
('170621111', '17062', 1, 1, 1, 1, '162', 0, 89, 100, 'INACTIVE'),
('170631111', '17063', 1, 1, 1, 1, '150', 0, 90, 100, 'INACTIVE'),
('170641111', '17064', 1, 1, 1, 1, '140', 0, 98, 100, 'INACTIVE'),
('170651111', '17065', 1, 1, 1, 1, '159', 0, 97, 100, 'INACTIVE'),
('170661111', '17066', 1, 1, 1, 1, '153', 0, 95, 100, 'INACTIVE'),
('170671111', '17067', 1, 1, 1, 1, '155', 0, 97, 100, 'INACTIVE'),
('170681111', '17068', 1, 1, 1, 1, '173', 0, 94, 100, 'INACTIVE'),
('170691111', '17069', 1, 1, 1, 1, '125', 0, 97, 100, 'INACTIVE'),
('170701111', '17070', 1, 1, 1, 1, '156', 0, 89, 100, 'INACTIVE');

-- --------------------------------------------------------

--
-- Table structure for table `sms_class`
--

CREATE TABLE `sms_class` (
  `class_code` bigint(20) NOT NULL,
  `class_name` varchar(45) DEFAULT NULL,
  `class_status` varchar(20) DEFAULT NULL
) ENGINE=InnoDB DEFAULT CHARSET=latin1;

--
-- Dumping data for table `sms_class`
--

INSERT INTO `sms_class` (`class_code`, `class_name`, `class_status`) VALUES
(1, 'JSS1', 'ACTIVE'),
(2, 'JSS2', 'ACTIVE'),
(3, 'JSS3', 'ACTIVE');

-- --------------------------------------------------------

--
-- Table structure for table `sms_classarm`
--

CREATE TABLE `sms_classarm` (
  `class_arm_code` bigint(20) NOT NULL,
  `class_arm_name` varchar(15) DEFAULT NULL,
  `class_arm_status` varchar(25) DEFAULT NULL
) ENGINE=InnoDB DEFAULT CHARSET=latin1;

--
-- Dumping data for table `sms_classarm`
--

INSERT INTO `sms_classarm` (`class_arm_code`, `class_arm_name`, `class_arm_status`) VALUES
(1, 'A', 'ACTIVE'),
(2, 'B', 'ACTIVE'),
(3, 'C', 'ACTIVE'),
(4, 'D', 'ACTIVE');

-- --------------------------------------------------------

--
-- Table structure for table `sms_class_subjects`
--

CREATE TABLE `sms_class_subjects` (
  `class_sub_code` varchar(90) NOT NULL,
  `class_sub_class_code` varchar(45) DEFAULT NULL,
  `class_sub_subject_code` varchar(45) DEFAULT NULL,
  `class_sub_status` varchar(25) DEFAULT NULL
) ENGINE=InnoDB DEFAULT CHARSET=latin1;

--
-- Dumping data for table `sms_class_subjects`
--

INSERT INTO `sms_class_subjects` (`class_sub_code`, `class_sub_class_code`, `class_sub_subject_code`, `class_sub_status`) VALUES
('AGRIC278591', '1', 'AGRIC27859', 'ACTIVE'),
('AGRIC278592', '2', 'AGRIC27859', 'ACTIVE'),
('BUS936581', '1', 'BUS93658', 'ACTIVE'),
('BUS936582', '2', 'BUS93658', 'ACTIVE'),
('CIVIL549251', '1', 'CIVIL54925', 'ACTIVE'),
('CIVIL549252', '2', 'CIVIL54925', 'ACTIVE'),
('CRS085261', '1', 'CRS08526', 'ACTIVE'),
('CRS085262', '2', 'CRS08526', 'ACTIVE'),
('ENG750361', '1', 'ENG75036', 'ACTIVE'),
('ENG750362', '2', 'ENG75036', 'ACTIVE'),
('INT916161', '1', 'INT91616', 'ACTIVE'),
('INT916162', '2', 'INT91616', 'ACTIVE'),
('INTRO300471', '1', 'INTRO30047', 'ACTIVE'),
('INTRO300472', '2', 'INTRO30047', 'ACTIVE'),
('LIT293321', '1', 'LIT29332', 'ACTIVE'),
('LIT293322', '2', 'LIT29332', 'ACTIVE'),
('MATH940221', '1', 'MATH94022', 'ACTIVE'),
('MATH940222', '2', 'MATH94022', 'ACTIVE'),
('SOC719431', '1', 'SOC71943', 'ACTIVE');

-- --------------------------------------------------------

--
-- Table structure for table `sms_cognitive`
--

CREATE TABLE `sms_cognitive` (
  `cog_id` bigint(20) NOT NULL,
  `cog_name` varchar(145) DEFAULT NULL,
  `cog_status` varchar(15) DEFAULT NULL
) ENGINE=InnoDB DEFAULT CHARSET=latin1;

--
-- Dumping data for table `sms_cognitive`
--

INSERT INTO `sms_cognitive` (`cog_id`, `cog_name`, `cog_status`) VALUES
(1, 'Honesty', 'ACTIVE'),
(2, 'Integrity', 'ACTIVE'),
(3, 'Attentiveness', 'ACTIVE'),
(4, 'Neatness', 'ACTIVE'),
(5, 'Punctuality', 'ACTIVE'),
(6, 'Reliable', 'ACTIVE'),
(7, 'Perseverance', 'ACTIVE'),
(8, 'Relationship with staff', 'ACTIVE'),
(9, 'Sense of responsibility', 'ACTIVE'),
(10, 'Politness', 'ACTIVE');

-- --------------------------------------------------------

--
-- Table structure for table `sms_cognitive_student`
--

CREATE TABLE `sms_cognitive_student` (
  `cog_student_id` varchar(45) NOT NULL,
  `cog_student_reg` varchar(15) NOT NULL,
  `cognitive_id` int(11) DEFAULT NULL,
  `cog_student_item` int(11) DEFAULT NULL,
  `cog_student_class` int(11) DEFAULT NULL,
  `cog_student_session` int(11) NOT NULL,
  `cog_student_term` int(11) NOT NULL,
  `cog_student_status` varchar(15) DEFAULT NULL
) ENGINE=InnoDB DEFAULT CHARSET=latin1;

--
-- Dumping data for table `sms_cognitive_student`
--

INSERT INTO `sms_cognitive_student` (`cog_student_id`, `cog_student_reg`, `cognitive_id`, `cog_student_item`, `cog_student_class`, `cog_student_session`, `cog_student_term`, `cog_student_status`) VALUES
('1703910111', '17039', 10, 4, 1, 1, 1, 'ACTIVE'),
('170391111', '17039', 1, 4, 1, 1, 1, 'ACTIVE'),
('170392111', '17039', 2, 5, 1, 1, 1, 'ACTIVE'),
('170393111', '17039', 3, 4, 1, 1, 1, 'ACTIVE'),
('170394111', '17039', 4, 4, 1, 1, 1, 'ACTIVE'),
('170395111', '17039', 5, 5, 1, 1, 1, 'ACTIVE'),
('170396111', '17039', 6, 4, 1, 1, 1, 'ACTIVE'),
('170397111', '17039', 7, 4, 1, 1, 1, 'ACTIVE'),
('170398111', '17039', 8, 5, 1, 1, 1, 'ACTIVE'),
('170399111', '17039', 9, 4, 1, 1, 1, 'ACTIVE');

-- --------------------------------------------------------

--
-- Table structure for table `sms_exam_type`
--

CREATE TABLE `sms_exam_type` (
  `exam_code` bigint(20) NOT NULL,
  `exam_name` varchar(45) DEFAULT NULL,
  `exam_marks` int(11) DEFAULT NULL,
  `exam_status` varchar(25) DEFAULT NULL
) ENGINE=InnoDB DEFAULT CHARSET=latin1;

--
-- Dumping data for table `sms_exam_type`
--

INSERT INTO `sms_exam_type` (`exam_code`, `exam_name`, `exam_marks`, `exam_status`) VALUES
(1, 'CA1', 10, 'ACTIVE'),
(2, 'CA2', 10, 'ACTIVE'),
(3, 'CA3', 10, 'ACTIVE'),
(4, 'EXAM', 70, 'ACTIVE');

-- --------------------------------------------------------

--
-- Table structure for table `sms_formaster`
--

CREATE TABLE `sms_formaster` (
  `formaster_code` varchar(50) NOT NULL,
  `formaster_staffid` varchar(45) DEFAULT NULL,
  `formaster_class_code` varchar(45) DEFAULT NULL,
  `formaster_class_arm` varchar(25) DEFAULT NULL,
  `formaster_status` varchar(25) DEFAULT NULL
) ENGINE=InnoDB DEFAULT CHARSET=latin1;

-- --------------------------------------------------------

--
-- Table structure for table `sms_grade`
--

CREATE TABLE `sms_grade` (
  `grade_code` bigint(20) NOT NULL,
  `grade_min_mark` int(5) DEFAULT NULL,
  `grade_max_mark` int(5) DEFAULT NULL,
  `grade_name` varchar(25) DEFAULT NULL,
  `grade_remark` varchar(90) DEFAULT NULL,
  `grade_status` varchar(25) DEFAULT NULL
) ENGINE=InnoDB DEFAULT CHARSET=latin1;

--
-- Dumping data for table `sms_grade`
--

INSERT INTO `sms_grade` (`grade_code`, `grade_min_mark`, `grade_max_mark`, `grade_name`, `grade_remark`, `grade_status`) VALUES
(1, 0, 39, 'F', 'FAIL', 'ACTIVE'),
(2, 40, 45, 'E', 'POOR', 'ACTIVE'),
(3, 46, 49, 'D', 'FAIR', 'ACTIVE'),
(4, 50, 64, 'C', 'GOOD', 'ACTIVE'),
(5, 65, 74, 'B', 'VERY GOOD', 'ACTIVE'),
(6, 75, 100, 'A', 'EXCELLENT', 'ACTIVE');

-- --------------------------------------------------------

--
-- Table structure for table `sms_house`
--

CREATE TABLE `sms_house` (
  `house_code` bigint(20) NOT NULL,
  `house_name` varchar(90) DEFAULT NULL,
  `house_status` varchar(25) DEFAULT NULL
) ENGINE=InnoDB DEFAULT CHARSET=latin1;

-- --------------------------------------------------------

--
-- Table structure for table `sms_school_setup`
--

CREATE TABLE `sms_school_setup` (
  `school_id` bigint(20) NOT NULL,
  `school_name` varchar(245) DEFAULT NULL,
  `school_address` text,
  `school_phone` varchar(15) DEFAULT NULL,
  `school_email` varchar(90) DEFAULT NULL,
  `school_logo` varchar(255) DEFAULT NULL,
  `school_status` varchar(10) DEFAULT NULL
) ENGINE=InnoDB DEFAULT CHARSET=latin1;

--
-- Dumping data for table `sms_school_setup`
--

INSERT INTO `sms_school_setup` (`school_id`, `school_name`, `school_address`, `school_phone`, `school_email`, `school_logo`, `school_status`) VALUES
(1, 'MOUNT SAINT GABRIEL MAKURDI', '           No 46 Ernest Attah Street Wadata, Makurdi Benue State.', '07089831214', 'anandetheophizy04@gmail.com', '../imageupload/logo.jpg', 'ACTIVE');

-- --------------------------------------------------------

--
-- Table structure for table `sms_scores`
--

CREATE TABLE `sms_scores` (
  `score_code` varchar(240) NOT NULL,
  `score_student_regno` varchar(90) DEFAULT NULL,
  `score_subject_code` varchar(100) DEFAULT NULL,
  `score_class` bigint(20) DEFAULT NULL,
  `score_class_arm` bigint(20) DEFAULT NULL,
  `score_CA1` varchar(5) DEFAULT NULL,
  `score_CA2` varchar(5) DEFAULT NULL,
  `score_CA3` varchar(5) DEFAULT NULL,
  `score_exam` varchar(5) DEFAULT NULL,
  `score_total` varchar(5) DEFAULT NULL,
  `score_grade` int(11) DEFAULT NULL,
  `score_term` int(11) DEFAULT NULL,
  `score_session` int(11) DEFAULT NULL,
  `score_by` varchar(100) DEFAULT NULL,
  `score_date` varchar(25) DEFAULT NULL
) ENGINE=InnoDB DEFAULT CHARSET=latin1;

--
-- Dumping data for table `sms_scores`
--

INSERT INTO `sms_scores` (`score_code`, `score_student_regno`, `score_subject_code`, `score_class`, `score_class_arm`, `score_CA1`, `score_CA2`, `score_CA3`, `score_exam`, `score_total`, `score_grade`, `score_term`, `score_session`, `score_by`, `score_date`) VALUES
('17039AGRIC278591111', '17039', 'AGRIC27859', 1, 1, '8', '9', '10', '21', '48', 3, 1, 1, '', '2020/09/23'),
('17039BUS936581111', '17039', 'BUS93658', 1, 1, '9', '8', '9', '64', '90', 6, 1, 1, 'Admin', '2020/09/23'),
('17039CIVIL549251111', '17039', 'CIVIL54925', 1, 1, '6', '7', '8', '67', '88', 6, 1, 1, 'IPI-2055', '2020/09/23'),
('17039CRS085261111', '17039', 'CRS08526', 1, 1, '7', '8', '9', '67', '91', 6, 1, 1, 'IPI-2055', '2020/09/23'),
('17039ENG750361111', '17039', 'ENG75036', 1, 1, '8', '7', '9', '52', '76', 6, 1, 1, 'IPI-2055', '2020/09/23'),
('17039INT916161111', '17039', 'INT91616', 1, 1, '6', '7', '8', '54', '75', 6, 1, 1, 'IPI-2055', '2020/09/23'),
('17039INTRO300471111', '17039', 'INTRO30047', 1, 1, '7', '8', '9', '57', '81', 6, 1, 1, 'IPI-2055', '2020/09/23'),
('17039LIT293321111', '17039', 'LIT29332', 1, 1, '8', '9', '6', '55', '78', 6, 1, 1, 'IPI-2055', '2020/09/23'),
('17039MATH940221111', '17039', 'MATH94022', 1, 1, '7', '8', '6', '67', '88', 6, 1, 1, 'IPI-2055', '2020/09/23'),
('17039SOC719431111', '17039', 'SOC71943', 1, 1, '8', '7', '6', '69', '90', 6, 1, 1, 'IPI-2055', '2020/09/23'),
('17041AGRIC278591111', '17041', 'AGRIC27859', 1, 1, '7', '8', '6', '41', '62', 4, 1, 1, '', '2020/09/23'),
('17041BUS936581111', '17041', 'BUS93658', 1, 1, '8', '9', '7', '60', '84', 6, 1, 1, 'Admin', '2020/09/23'),
('17041CIVIL549251111', '17041', 'CIVIL54925', 1, 1, '8', '7', '9', '43', '67', 5, 1, 1, 'IPI-2055', '2020/09/23'),
('17041CRS085261111', '17041', 'CRS08526', 1, 1, '6', '7', '9', '45', '67', 5, 1, 1, 'IPI-2055', '2020/09/23'),
('17041ENG750361111', '17041', 'ENG75036', 1, 1, '7', '6', '5', '46', '64', 4, 1, 1, 'IPI-2055', '2020/09/23'),
('17041INT916161111', '17041', 'INT91616', 1, 1, '5', '6', '8', '54', '73', 5, 1, 1, 'IPI-2055', '2020/09/23'),
('17041INTRO300471111', '17041', 'INTRO30047', 1, 1, '7', '8', '9', '65', '89', 6, 1, 1, 'IPI-2055', '2020/09/23'),
('17041LIT293321111', '17041', 'LIT29332', 1, 1, '6', '5', '8', '62', '81', 6, 1, 1, 'IPI-2055', '2020/09/23'),
('17041MATH940221111', '17041', 'MATH94022', 1, 1, '7', '6', '8', '57', '78', 6, 1, 1, 'IPI-2055', '2020/09/23'),
('17041SOC719431111', '17041', 'SOC71943', 1, 1, '7', '8', '5', '50', '70', 5, 1, 1, 'IPI-2055', '2020/09/23'),
('17042AGRIC278591111', '17042', 'AGRIC27859', 1, 1, '7', '7', '6', '51', '71', 5, 1, 1, '', '2020/09/23'),
('17042BUS936581111', '17042', 'BUS93658', 1, 1, '7', '8', '9', '54', '78', 6, 1, 1, 'Admin', '2020/09/23'),
('17042CIVIL549251111', '17042', 'CIVIL54925', 1, 1, '5', '7', '6', '53', '71', 5, 1, 1, 'IPI-2055', '2020/09/23'),
('17042CRS085261111', '17042', 'CRS08526', 1, 1, '6', '7', '9', '64', '86', 6, 1, 1, 'IPI-2055', '2020/09/23'),
('17042ENG750361111', '17042', 'ENG75036', 1, 1, '7', '6', '3', '60', '76', 6, 1, 1, 'IPI-2055', '2020/09/23'),
('17042INT916161111', '17042', 'INT91616', 1, 1, '6', '7', '8', '58', '79', 6, 1, 1, 'IPI-2055', '2020/09/23'),
('17042INTRO300471111', '17042', 'INTRO30047', 1, 1, '8', '9', '6', '49', '72', 5, 1, 1, 'IPI-2055', '2020/09/23'),
('17042LIT293321111', '17042', 'LIT29332', 1, 1, '7', '8', '9', '51', '75', 6, 1, 1, 'IPI-2055', '2020/09/23'),
('17042MATH940221111', '17042', 'MATH94022', 1, 1, '6', '8', '6', '60', '80', 6, 1, 1, 'IPI-2055', '2020/09/23'),
('17042SOC719431111', '17042', 'SOC71943', 1, 1, '7', '6', '5', '59', '77', 6, 1, 1, 'IPI-2055', '2020/09/23'),
('17043AGRIC278591111', '17043', 'AGRIC27859', 1, 1, '8', '9', '10', '25', '52', 4, 1, 1, '', '2020/09/29'),
('17043BUS936581111', '17043', 'BUS93658', 1, 1, '4', '5', '5', '54', '68', 5, 1, 1, 'Admin', '2020/09/29'),
('17043CIVIL549251111', '17043', 'CIVIL54925', 1, 1, '', '', '', '', '', 0, 1, 1, 'Admin', '2020/09/29'),
('17043CRS085261111', '17043', 'CRS08526', 1, 1, '', '', '', '', '', 0, 1, 1, 'Admin', '2020/09/29'),
('17043ENG750361111', '17043', 'ENG75036', 1, 1, '', '', '', '', '', 0, 1, 1, 'Admin', '2020/09/29'),
('17043INT916161111', '17043', 'INT91616', 1, 1, '', '', '', '', '', 0, 1, 1, 'Admin', '2020/09/29'),
('17043INTRO300471111', '17043', 'INTRO30047', 1, 1, '', '', '', '', '', 0, 1, 1, 'Admin', '2020/09/29'),
('17043LIT293321111', '17043', 'LIT29332', 1, 1, '', '', '', '', '', 0, 1, 1, 'Admin', '2020/09/29'),
('17043MATH940221111', '17043', 'MATH94022', 1, 1, '', '', '', '', '', 0, 1, 1, 'Admin', '2020/09/29'),
('17043SOC719431111', '17043', 'SOC71943', 1, 1, '', '', '', '', '', 0, 1, 1, 'Admin', '2020/09/29'),
('17044AGRIC278591111', '17044', 'AGRIC27859', 1, 1, '7', '8', '6', '40', '61', 4, 1, 1, '', '2020/09/29'),
('17044BUS936581111', '17044', 'BUS93658', 1, 1, '4', '5', '4', '56', '69', 5, 1, 1, 'Admin', '2020/09/29'),
('17044CIVIL549251111', '17044', 'CIVIL54925', 1, 1, '', '', '', '', '', 0, 1, 1, 'Admin', '2020/09/29'),
('17044CRS085261111', '17044', 'CRS08526', 1, 1, '', '', '', '', '', 0, 1, 1, 'Admin', '2020/09/29'),
('17044ENG750361111', '17044', 'ENG75036', 1, 1, '', '', '', '', '', 0, 1, 1, 'Admin', '2020/09/29'),
('17044INT916161111', '17044', 'INT91616', 1, 1, '', '', '', '', '', 0, 1, 1, 'Admin', '2020/09/29'),
('17044INTRO300471111', '17044', 'INTRO30047', 1, 1, '', '', '', '', '', 0, 1, 1, 'Admin', '2020/09/29'),
('17044LIT293321111', '17044', 'LIT29332', 1, 1, '', '', '', '', '', 0, 1, 1, 'Admin', '2020/09/29'),
('17044MATH940221111', '17044', 'MATH94022', 1, 1, '', '', '', '', '', 0, 1, 1, 'Admin', '2020/09/29'),
('17044SOC719431111', '17044', 'SOC71943', 1, 1, '', '', '', '', '', 0, 1, 1, 'Admin', '2020/09/29'),
('17045AGRIC278591111', '17045', 'AGRIC27859', 1, 1, '7', '7', '6', '50', '70', 5, 1, 1, '', '2020/09/29'),
('17045BUS936581111', '17045', 'BUS93658', 1, 1, '4', '5', '5', '56', '70', 5, 1, 1, 'Admin', '2020/09/29'),
('17045CIVIL549251111', '17045', 'CIVIL54925', 1, 1, '', '', '', '', '', 0, 1, 1, 'Admin', '2020/09/29'),
('17045CRS085261111', '17045', 'CRS08526', 1, 1, '', '', '', '', '', 0, 1, 1, 'Admin', '2020/09/29'),
('17045ENG750361111', '17045', 'ENG75036', 1, 1, '', '', '', '', '', 0, 1, 1, 'Admin', '2020/09/29'),
('17045INT916161111', '17045', 'INT91616', 1, 1, '', '', '', '', '', 0, 1, 1, 'Admin', '2020/09/29'),
('17045INTRO300471111', '17045', 'INTRO30047', 1, 1, '', '', '', '', '', 0, 1, 1, 'Admin', '2020/09/29'),
('17045LIT293321111', '17045', 'LIT29332', 1, 1, '', '', '', '', '', 0, 1, 1, 'Admin', '2020/09/29'),
('17045MATH940221111', '17045', 'MATH94022', 1, 1, '', '', '', '', '', 0, 1, 1, 'Admin', '2020/09/29'),
('17045SOC719431111', '17045', 'SOC71943', 1, 1, '', '', '', '', '', 0, 1, 1, 'Admin', '2020/09/29'),
('17046AGRIC278591111', '17046', 'AGRIC27859', 1, 1, '9', '9', '9', '70', '97', 6, 1, 1, '', '2020/09/29'),
('17046BUS936581111', '17046', 'BUS93658', 1, 1, '5', '6', '5', '45', '61', 4, 1, 1, 'Admin', '2020/09/29'),
('17046CIVIL549251111', '17046', 'CIVIL54925', 1, 1, '', '', '', '', '', 0, 1, 1, 'Admin', '2020/09/29'),
('17046CRS085261111', '17046', 'CRS08526', 1, 1, '', '', '', '', '', 0, 1, 1, 'Admin', '2020/09/29'),
('17046ENG750361111', '17046', 'ENG75036', 1, 1, '', '', '', '', '', 0, 1, 1, 'Admin', '2020/09/29'),
('17046INT916161111', '17046', 'INT91616', 1, 1, '', '', '', '', '', 0, 1, 1, 'Admin', '2020/09/29'),
('17046INTRO300471111', '17046', 'INTRO30047', 1, 1, '', '', '', '', '', 0, 1, 1, 'Admin', '2020/09/29'),
('17046LIT293321111', '17046', 'LIT29332', 1, 1, '', '', '', '', '', 0, 1, 1, 'Admin', '2020/09/29'),
('17046MATH940221111', '17046', 'MATH94022', 1, 1, '', '', '', '', '', 0, 1, 1, 'Admin', '2020/09/29'),
('17046SOC719431111', '17046', 'SOC71943', 1, 1, '', '', '', '', '', 0, 1, 1, 'Admin', '2020/09/29'),
('17047AGRIC278591111', '17047', 'AGRIC27859', 1, 1, '5', '6', '7', '70', '88', 6, 1, 1, '', '2020/09/29'),
('17047BUS936581111', '17047', 'BUS93658', 1, 1, '5', '6', '7', '53', '71', 5, 1, 1, 'Admin', '2020/09/29'),
('17047CIVIL549251111', '17047', 'CIVIL54925', 1, 1, '', '', '', '', '', 0, 1, 1, 'Admin', '2020/09/29'),
('17047CRS085261111', '17047', 'CRS08526', 1, 1, '', '', '', '', '', 0, 1, 1, 'Admin', '2020/09/29'),
('17047ENG750361111', '17047', 'ENG75036', 1, 1, '', '', '', '', '', 0, 1, 1, 'Admin', '2020/09/29'),
('17047INT916161111', '17047', 'INT91616', 1, 1, '', '', '', '', '', 0, 1, 1, 'Admin', '2020/09/29'),
('17047INTRO300471111', '17047', 'INTRO30047', 1, 1, '', '', '', '', '', 0, 1, 1, 'Admin', '2020/09/29'),
('17047LIT293321111', '17047', 'LIT29332', 1, 1, '', '', '', '', '', 0, 1, 1, 'Admin', '2020/09/29'),
('17047MATH940221111', '17047', 'MATH94022', 1, 1, '', '', '', '', '', 0, 1, 1, 'Admin', '2020/09/29'),
('17047SOC719431111', '17047', 'SOC71943', 1, 1, '', '', '', '', '', 0, 1, 1, 'Admin', '2020/09/29'),
('17048AGRIC278591111', '17048', 'AGRIC27859', 1, 1, '8', '6', '6', '60', '80', 6, 1, 1, '', '2020/09/29'),
('17048BUS936581111', '17048', 'BUS93658', 1, 1, '5', '6', '7', '54', '72', 5, 1, 1, 'Admin', '2020/09/29'),
('17048CIVIL549251111', '17048', 'CIVIL54925', 1, 1, '', '', '', '', '', 0, 1, 1, 'Admin', '2020/09/29'),
('17048CRS085261111', '17048', 'CRS08526', 1, 1, '', '', '', '', '', 0, 1, 1, 'Admin', '2020/09/29'),
('17048ENG750361111', '17048', 'ENG75036', 1, 1, '', '', '', '', '', 0, 1, 1, 'Admin', '2020/09/29'),
('17048INT916161111', '17048', 'INT91616', 1, 1, '', '', '', '', '', 0, 1, 1, 'Admin', '2020/09/29'),
('17048INTRO300471111', '17048', 'INTRO30047', 1, 1, '', '', '', '', '', 0, 1, 1, 'Admin', '2020/09/29'),
('17048LIT293321111', '17048', 'LIT29332', 1, 1, '', '', '', '', '', 0, 1, 1, 'Admin', '2020/09/29'),
('17048MATH940221111', '17048', 'MATH94022', 1, 1, '', '', '', '', '', 0, 1, 1, 'Admin', '2020/09/29'),
('17048SOC719431111', '17048', 'SOC71943', 1, 1, '', '', '', '', '', 0, 1, 1, 'Admin', '2020/09/29'),
('17049AGRIC278591111', '17049', 'AGRIC27859', 1, 1, '6', '7', '6', '40', '59', 4, 1, 1, '', '2020/09/29'),
('17049BUS936581111', '17049', 'BUS93658', 1, 1, '3', '2', '7', '62', '74', 5, 1, 1, 'Admin', '2020/09/29'),
('17049CIVIL549251111', '17049', 'CIVIL54925', 1, 1, '', '', '', '', '', 0, 1, 1, 'Admin', '2020/09/29'),
('17049CRS085261111', '17049', 'CRS08526', 1, 1, '', '', '', '', '', 0, 1, 1, 'Admin', '2020/09/29'),
('17049ENG750361111', '17049', 'ENG75036', 1, 1, '', '', '', '', '', 0, 1, 1, 'Admin', '2020/09/29'),
('17049INT916161111', '17049', 'INT91616', 1, 1, '', '', '', '', '', 0, 1, 1, 'Admin', '2020/09/29'),
('17049INTRO300471111', '17049', 'INTRO30047', 1, 1, '', '', '', '', '', 0, 1, 1, 'Admin', '2020/09/29'),
('17049LIT293321111', '17049', 'LIT29332', 1, 1, '', '', '', '', '', 0, 1, 1, 'Admin', '2020/09/29'),
('17049MATH940221111', '17049', 'MATH94022', 1, 1, '', '', '', '', '', 0, 1, 1, 'Admin', '2020/09/29'),
('17049SOC719431111', '17049', 'SOC71943', 1, 1, '', '', '', '', '', 0, 1, 1, 'Admin', '2020/09/29'),
('17050AGRIC278591111', '17050', 'AGRIC27859', 1, 1, '6', '7', '5', '50', '68', 5, 1, 1, '', '2020/09/29'),
('17050BUS936581111', '17050', 'BUS93658', 1, 1, '4', '5', '6', '54', '69', 5, 1, 1, 'Admin', '2020/09/29'),
('17050CIVIL549251111', '17050', 'CIVIL54925', 1, 1, '', '', '', '', '', 0, 1, 1, 'Admin', '2020/09/29'),
('17050CRS085261111', '17050', 'CRS08526', 1, 1, '', '', '', '', '', 0, 1, 1, 'Admin', '2020/09/29'),
('17050ENG750361111', '17050', 'ENG75036', 1, 1, '', '', '', '', '', 0, 1, 1, 'Admin', '2020/09/29'),
('17050INT916161111', '17050', 'INT91616', 1, 1, '', '', '', '', '', 0, 1, 1, 'Admin', '2020/09/29'),
('17050INTRO300471111', '17050', 'INTRO30047', 1, 1, '', '', '', '', '', 0, 1, 1, 'Admin', '2020/09/29'),
('17050LIT293321111', '17050', 'LIT29332', 1, 1, '', '', '', '', '', 0, 1, 1, 'Admin', '2020/09/29'),
('17050MATH940221111', '17050', 'MATH94022', 1, 1, '', '', '', '', '', 0, 1, 1, 'Admin', '2020/09/29'),
('17050SOC719431111', '17050', 'SOC71943', 1, 1, '', '', '', '', '', 0, 1, 1, 'Admin', '2020/09/29'),
('17051AGRIC278591111', '17051', 'AGRIC27859', 1, 1, '6', '7', '8', '60', '81', 6, 1, 1, '', '2020/09/29'),
('17051BUS936581111', '17051', 'BUS93658', 1, 1, '3', '4', '8', '43', '58', 4, 1, 1, 'Admin', '2020/09/29'),
('17051CIVIL549251111', '17051', 'CIVIL54925', 1, 1, '', '', '', '', '', 0, 1, 1, 'Admin', '2020/09/29'),
('17051CRS085261111', '17051', 'CRS08526', 1, 1, '', '', '', '', '', 0, 1, 1, 'Admin', '2020/09/29'),
('17051ENG750361111', '17051', 'ENG75036', 1, 1, '', '', '', '', '', 0, 1, 1, 'Admin', '2020/09/29'),
('17051INT916161111', '17051', 'INT91616', 1, 1, '', '', '', '', '', 0, 1, 1, 'Admin', '2020/09/29'),
('17051INTRO300471111', '17051', 'INTRO30047', 1, 1, '', '', '', '', '', 0, 1, 1, 'Admin', '2020/09/29'),
('17051LIT293321111', '17051', 'LIT29332', 1, 1, '', '', '', '', '', 0, 1, 1, 'Admin', '2020/09/29'),
('17051MATH940221111', '17051', 'MATH94022', 1, 1, '', '', '', '', '', 0, 1, 1, 'Admin', '2020/09/29'),
('17051SOC719431111', '17051', 'SOC71943', 1, 1, '', '', '', '', '', 0, 1, 1, 'Admin', '2020/09/29'),
('17052AGRIC278591111', '17052', 'AGRIC27859', 1, 1, '7', '4', '9', '54', '74', 5, 1, 1, '', '2020/09/29'),
('17052BUS936581111', '17052', 'BUS93658', 1, 1, '4', '5', '6', '43', '58', 4, 1, 1, 'Admin', '2020/09/29'),
('17052CIVIL549251111', '17052', 'CIVIL54925', 1, 1, '', '', '', '', '', 0, 1, 1, 'Admin', '2020/09/29'),
('17052CRS085261111', '17052', 'CRS08526', 1, 1, '', '', '', '', '', 0, 1, 1, 'Admin', '2020/09/29'),
('17052ENG750361111', '17052', 'ENG75036', 1, 1, '', '', '', '', '', 0, 1, 1, 'Admin', '2020/09/29'),
('17052INT916161111', '17052', 'INT91616', 1, 1, '', '', '', '', '', 0, 1, 1, 'Admin', '2020/09/29'),
('17052INTRO300471111', '17052', 'INTRO30047', 1, 1, '', '', '', '', '', 0, 1, 1, 'Admin', '2020/09/29'),
('17052LIT293321111', '17052', 'LIT29332', 1, 1, '', '', '', '', '', 0, 1, 1, 'Admin', '2020/09/29'),
('17052MATH940221111', '17052', 'MATH94022', 1, 1, '', '', '', '', '', 0, 1, 1, 'Admin', '2020/09/29'),
('17052SOC719431111', '17052', 'SOC71943', 1, 1, '', '', '', '', '', 0, 1, 1, 'Admin', '2020/09/29'),
('17053AGRIC278591111', '17053', 'AGRIC27859', 1, 1, '7', '6', '5', '54', '72', 5, 1, 1, '', '2020/09/29'),
('17053BUS936581111', '17053', 'BUS93658', 1, 1, '6', '6', '6', '52', '70', 5, 1, 1, 'Admin', '2020/09/29'),
('17053CIVIL549251111', '17053', 'CIVIL54925', 1, 1, '', '', '', '', '', 0, 1, 1, 'Admin', '2020/09/29'),
('17053CRS085261111', '17053', 'CRS08526', 1, 1, '', '', '', '', '', 0, 1, 1, 'Admin', '2020/09/29'),
('17053ENG750361111', '17053', 'ENG75036', 1, 1, '', '', '', '', '', 0, 1, 1, 'Admin', '2020/09/29'),
('17053INT916161111', '17053', 'INT91616', 1, 1, '', '', '', '', '', 0, 1, 1, 'Admin', '2020/09/29'),
('17053INTRO300471111', '17053', 'INTRO30047', 1, 1, '', '', '', '', '', 0, 1, 1, 'Admin', '2020/09/29'),
('17053LIT293321111', '17053', 'LIT29332', 1, 1, '', '', '', '', '', 0, 1, 1, 'Admin', '2020/09/29'),
('17053MATH940221111', '17053', 'MATH94022', 1, 1, '', '', '', '', '', 0, 1, 1, 'Admin', '2020/09/29'),
('17053SOC719431111', '17053', 'SOC71943', 1, 1, '', '', '', '', '', 0, 1, 1, 'Admin', '2020/09/29'),
('17054AGRIC278591111', '17054', 'AGRIC27859', 1, 1, '7', '8', '6', '45', '66', 5, 1, 1, '', '2020/09/29'),
('17054BUS936581111', '17054', 'BUS93658', 1, 1, '4', '6', '6', '54', '70', 5, 1, 1, 'Admin', '2020/09/29'),
('17054CIVIL549251111', '17054', 'CIVIL54925', 1, 1, '', '', '', '', '', 0, 1, 1, 'Admin', '2020/09/29'),
('17054CRS085261111', '17054', 'CRS08526', 1, 1, '', '', '', '', '', 0, 1, 1, 'Admin', '2020/09/29'),
('17054ENG750361111', '17054', 'ENG75036', 1, 1, '', '', '', '', '', 0, 1, 1, 'Admin', '2020/09/29'),
('17054INT916161111', '17054', 'INT91616', 1, 1, '', '', '', '', '', 0, 1, 1, 'Admin', '2020/09/29'),
('17054INTRO300471111', '17054', 'INTRO30047', 1, 1, '', '', '', '', '', 0, 1, 1, 'Admin', '2020/09/29'),
('17054LIT293321111', '17054', 'LIT29332', 1, 1, '', '', '', '', '', 0, 1, 1, 'Admin', '2020/09/29'),
('17054MATH940221111', '17054', 'MATH94022', 1, 1, '', '', '', '', '', 0, 1, 1, 'Admin', '2020/09/29'),
('17054SOC719431111', '17054', 'SOC71943', 1, 1, '', '', '', '', '', 0, 1, 1, 'Admin', '2020/09/29'),
('17055AGRIC278591111', '17055', 'AGRIC27859', 1, 1, '6', '5', '3', '51', '65', 5, 1, 1, '', '2020/09/29'),
('17055BUS936581111', '17055', 'BUS93658', 1, 1, '4', '5', '7', '65', '81', 6, 1, 1, 'Admin', '2020/09/29'),
('17055CIVIL549251111', '17055', 'CIVIL54925', 1, 1, '', '', '', '', '', 0, 1, 1, 'Admin', '2020/09/29'),
('17055CRS085261111', '17055', 'CRS08526', 1, 1, '', '', '', '', '', 0, 1, 1, 'Admin', '2020/09/29'),
('17055ENG750361111', '17055', 'ENG75036', 1, 1, '', '', '', '', '', 0, 1, 1, 'Admin', '2020/09/29'),
('17055INT916161111', '17055', 'INT91616', 1, 1, '', '', '', '', '', 0, 1, 1, 'Admin', '2020/09/29'),
('17055INTRO300471111', '17055', 'INTRO30047', 1, 1, '', '', '', '', '', 0, 1, 1, 'Admin', '2020/09/29'),
('17055LIT293321111', '17055', 'LIT29332', 1, 1, '', '', '', '', '', 0, 1, 1, 'Admin', '2020/09/29'),
('17055MATH940221111', '17055', 'MATH94022', 1, 1, '', '', '', '', '', 0, 1, 1, 'Admin', '2020/09/29'),
('17055SOC719431111', '17055', 'SOC71943', 1, 1, '', '', '', '', '', 0, 1, 1, 'Admin', '2020/09/29'),
('17056AGRIC278591111', '17056', 'AGRIC27859', 1, 1, '7', '8', '6', '49', '70', 5, 1, 1, '', '2020/09/29'),
('17056BUS936581111', '17056', 'BUS93658', 1, 1, '6', '5', '4', '42', '57', 4, 1, 1, 'Admin', '2020/09/29'),
('17056CIVIL549251111', '17056', 'CIVIL54925', 1, 1, '', '', '', '', '', 0, 1, 1, 'Admin', '2020/09/29'),
('17056CRS085261111', '17056', 'CRS08526', 1, 1, '', '', '', '', '', 0, 1, 1, 'Admin', '2020/09/29'),
('17056ENG750361111', '17056', 'ENG75036', 1, 1, '', '', '', '', '', 0, 1, 1, 'Admin', '2020/09/29'),
('17056INT916161111', '17056', 'INT91616', 1, 1, '', '', '', '', '', 0, 1, 1, 'Admin', '2020/09/29'),
('17056INTRO300471111', '17056', 'INTRO30047', 1, 1, '', '', '', '', '', 0, 1, 1, 'Admin', '2020/09/29'),
('17056LIT293321111', '17056', 'LIT29332', 1, 1, '', '', '', '', '', 0, 1, 1, 'Admin', '2020/09/29'),
('17056MATH940221111', '17056', 'MATH94022', 1, 1, '', '', '', '', '', 0, 1, 1, 'Admin', '2020/09/29'),
('17056SOC719431111', '17056', 'SOC71943', 1, 1, '', '', '', '', '', 0, 1, 1, 'Admin', '2020/09/29'),
('17057AGRIC278591111', '17057', 'AGRIC27859', 1, 1, '8', '6', '9', '62', '85', 6, 1, 1, '', '2020/09/29'),
('17057BUS936581111', '17057', 'BUS93658', 1, 1, '6', '5', '7', '38', '56', 4, 1, 1, 'Admin', '2020/09/29'),
('17057CIVIL549251111', '17057', 'CIVIL54925', 1, 1, '', '', '', '', '', 0, 1, 1, 'Admin', '2020/09/29'),
('17057CRS085261111', '17057', 'CRS08526', 1, 1, '', '', '', '', '', 0, 1, 1, 'Admin', '2020/09/29'),
('17057ENG750361111', '17057', 'ENG75036', 1, 1, '', '', '', '', '', 0, 1, 1, 'Admin', '2020/09/29'),
('17057INT916161111', '17057', 'INT91616', 1, 1, '', '', '', '', '', 0, 1, 1, 'Admin', '2020/09/29'),
('17057INTRO300471111', '17057', 'INTRO30047', 1, 1, '', '', '', '', '', 0, 1, 1, 'Admin', '2020/09/29'),
('17057LIT293321111', '17057', 'LIT29332', 1, 1, '', '', '', '', '', 0, 1, 1, 'Admin', '2020/09/29'),
('17057MATH940221111', '17057', 'MATH94022', 1, 1, '', '', '', '', '', 0, 1, 1, 'Admin', '2020/09/29'),
('17057SOC719431111', '17057', 'SOC71943', 1, 1, '', '', '', '', '', 0, 1, 1, 'Admin', '2020/09/29'),
('17058AGRIC278591111', '17058', 'AGRIC27859', 1, 1, '9', '8', '6', '50', '73', 5, 1, 1, '', '2020/09/29'),
('17058BUS936581111', '17058', 'BUS93658', 1, 1, '5', '6', '7', '41', '59', 4, 1, 1, 'Admin', '2020/09/29'),
('17058CIVIL549251111', '17058', 'CIVIL54925', 1, 1, '', '', '', '', '', 0, 1, 1, 'Admin', '2020/09/29'),
('17058CRS085261111', '17058', 'CRS08526', 1, 1, '', '', '', '', '', 0, 1, 1, 'Admin', '2020/09/29'),
('17058ENG750361111', '17058', 'ENG75036', 1, 1, '', '', '', '', '', 0, 1, 1, 'Admin', '2020/09/29'),
('17058INT916161111', '17058', 'INT91616', 1, 1, '', '', '', '', '', 0, 1, 1, 'Admin', '2020/09/29'),
('17058INTRO300471111', '17058', 'INTRO30047', 1, 1, '', '', '', '', '', 0, 1, 1, 'Admin', '2020/09/29'),
('17058LIT293321111', '17058', 'LIT29332', 1, 1, '', '', '', '', '', 0, 1, 1, 'Admin', '2020/09/29'),
('17058MATH940221111', '17058', 'MATH94022', 1, 1, '', '', '', '', '', 0, 1, 1, 'Admin', '2020/09/29'),
('17058SOC719431111', '17058', 'SOC71943', 1, 1, '', '', '', '', '', 0, 1, 1, 'Admin', '2020/09/29'),
('17059AGRIC278591111', '17059', 'AGRIC27859', 1, 1, '8', '7', '9', '47', '71', 5, 1, 1, '', '2020/09/29'),
('17059BUS936581111', '17059', 'BUS93658', 1, 1, '6', '7', '8', '51', '72', 5, 1, 1, 'Admin', '2020/09/29'),
('17059CIVIL549251111', '17059', 'CIVIL54925', 1, 1, '', '', '', '', '', 0, 1, 1, 'Admin', '2020/09/29'),
('17059CRS085261111', '17059', 'CRS08526', 1, 1, '', '', '', '', '', 0, 1, 1, 'Admin', '2020/09/29'),
('17059ENG750361111', '17059', 'ENG75036', 1, 1, '', '', '', '', '', 0, 1, 1, 'Admin', '2020/09/29'),
('17059INT916161111', '17059', 'INT91616', 1, 1, '', '', '', '', '', 0, 1, 1, 'Admin', '2020/09/29'),
('17059INTRO300471111', '17059', 'INTRO30047', 1, 1, '', '', '', '', '', 0, 1, 1, 'Admin', '2020/09/29'),
('17059LIT293321111', '17059', 'LIT29332', 1, 1, '', '', '', '', '', 0, 1, 1, 'Admin', '2020/09/29'),
('17059MATH940221111', '17059', 'MATH94022', 1, 1, '', '', '', '', '', 0, 1, 1, 'Admin', '2020/09/29'),
('17059SOC719431111', '17059', 'SOC71943', 1, 1, '', '', '', '', '', 0, 1, 1, 'Admin', '2020/09/29'),
('17060AGRIC278591111', '17060', 'AGRIC27859', 1, 1, '8', '9', '7', '40', '64', 4, 1, 1, '', '2020/09/29'),
('17060BUS936581111', '17060', 'BUS93658', 1, 1, '7', '6', '5', '60', '78', 6, 1, 1, 'Admin', '2020/09/29'),
('17060CIVIL549251111', '17060', 'CIVIL54925', 1, 1, '', '', '', '', '', 0, 1, 1, 'Admin', '2020/09/29'),
('17060CRS085261111', '17060', 'CRS08526', 1, 1, '', '', '', '', '', 0, 1, 1, 'Admin', '2020/09/29'),
('17060ENG750361111', '17060', 'ENG75036', 1, 1, '', '', '', '', '', 0, 1, 1, 'Admin', '2020/09/29'),
('17060INT916161111', '17060', 'INT91616', 1, 1, '', '', '', '', '', 0, 1, 1, 'Admin', '2020/09/29'),
('17060INTRO300471111', '17060', 'INTRO30047', 1, 1, '', '', '', '', '', 0, 1, 1, 'Admin', '2020/09/29'),
('17060LIT293321111', '17060', 'LIT29332', 1, 1, '', '', '', '', '', 0, 1, 1, 'Admin', '2020/09/29'),
('17060MATH940221111', '17060', 'MATH94022', 1, 1, '', '', '', '', '', 0, 1, 1, 'Admin', '2020/09/29'),
('17060SOC719431111', '17060', 'SOC71943', 1, 1, '', '', '', '', '', 0, 1, 1, 'Admin', '2020/09/29'),
('17061AGRIC278591111', '17061', 'AGRIC27859', 1, 1, '6', '7', '8', '52', '73', 5, 1, 1, '', '2020/09/29'),
('17061BUS936581111', '17061', 'BUS93658', 1, 1, '6', '7', '8', '63', '84', 6, 1, 1, 'Admin', '2020/09/29'),
('17061CIVIL549251111', '17061', 'CIVIL54925', 1, 1, '', '', '', '', '', 0, 1, 1, 'Admin', '2020/09/29'),
('17061CRS085261111', '17061', 'CRS08526', 1, 1, '', '', '', '', '', 0, 1, 1, 'Admin', '2020/09/29'),
('17061ENG750361111', '17061', 'ENG75036', 1, 1, '', '', '', '', '', 0, 1, 1, 'Admin', '2020/09/29'),
('17061INT916161111', '17061', 'INT91616', 1, 1, '', '', '', '', '', 0, 1, 1, 'Admin', '2020/09/29'),
('17061INTRO300471111', '17061', 'INTRO30047', 1, 1, '', '', '', '', '', 0, 1, 1, 'Admin', '2020/09/29'),
('17061LIT293321111', '17061', 'LIT29332', 1, 1, '', '', '', '', '', 0, 1, 1, 'Admin', '2020/09/29'),
('17061MATH940221111', '17061', 'MATH94022', 1, 1, '', '', '', '', '', 0, 1, 1, 'Admin', '2020/09/29'),
('17061SOC719431111', '17061', 'SOC71943', 1, 1, '', '', '', '', '', 0, 1, 1, 'Admin', '2020/09/29'),
('17062AGRIC278591111', '17062', 'AGRIC27859', 1, 1, '6', '6', '7', '70', '89', 6, 1, 1, '', '2020/09/29'),
('17062BUS936581111', '17062', 'BUS93658', 1, 1, '6', '7', '8', '52', '73', 5, 1, 1, 'Admin', '2020/09/29'),
('17062CIVIL549251111', '17062', 'CIVIL54925', 1, 1, '', '', '', '', '', 0, 1, 1, 'Admin', '2020/09/29'),
('17062CRS085261111', '17062', 'CRS08526', 1, 1, '', '', '', '', '', 0, 1, 1, 'Admin', '2020/09/29'),
('17062ENG750361111', '17062', 'ENG75036', 1, 1, '', '', '', '', '', 0, 1, 1, 'Admin', '2020/09/29'),
('17062INT916161111', '17062', 'INT91616', 1, 1, '', '', '', '', '', 0, 1, 1, 'Admin', '2020/09/29'),
('17062INTRO300471111', '17062', 'INTRO30047', 1, 1, '', '', '', '', '', 0, 1, 1, 'Admin', '2020/09/29'),
('17062LIT293321111', '17062', 'LIT29332', 1, 1, '', '', '', '', '', 0, 1, 1, 'Admin', '2020/09/29'),
('17062MATH940221111', '17062', 'MATH94022', 1, 1, '', '', '', '', '', 0, 1, 1, 'Admin', '2020/09/29'),
('17062SOC719431111', '17062', 'SOC71943', 1, 1, '', '', '', '', '', 0, 1, 1, 'Admin', '2020/09/29'),
('17063AGRIC278591111', '17063', 'AGRIC27859', 1, 1, '7', '8', '9', '56', '80', 6, 1, 1, '', '2020/09/29'),
('17063BUS936581111', '17063', 'BUS93658', 1, 1, '6', '7', '5', '52', '70', 5, 1, 1, 'Admin', '2020/09/29'),
('17063CIVIL549251111', '17063', 'CIVIL54925', 1, 1, '', '', '', '', '', 0, 1, 1, 'Admin', '2020/09/29'),
('17063CRS085261111', '17063', 'CRS08526', 1, 1, '', '', '', '', '', 0, 1, 1, 'Admin', '2020/09/29'),
('17063ENG750361111', '17063', 'ENG75036', 1, 1, '', '', '', '', '', 0, 1, 1, 'Admin', '2020/09/29'),
('17063INT916161111', '17063', 'INT91616', 1, 1, '', '', '', '', '', 0, 1, 1, 'Admin', '2020/09/29'),
('17063INTRO300471111', '17063', 'INTRO30047', 1, 1, '', '', '', '', '', 0, 1, 1, 'Admin', '2020/09/29'),
('17063LIT293321111', '17063', 'LIT29332', 1, 1, '', '', '', '', '', 0, 1, 1, 'Admin', '2020/09/29'),
('17063MATH940221111', '17063', 'MATH94022', 1, 1, '', '', '', '', '', 0, 1, 1, 'Admin', '2020/09/29'),
('17063SOC719431111', '17063', 'SOC71943', 1, 1, '', '', '', '', '', 0, 1, 1, 'Admin', '2020/09/29'),
('17064AGRIC278591111', '17064', 'AGRIC27859', 1, 1, '8', '9', '7', '57', '81', 6, 1, 1, '', '2020/09/29'),
('17064BUS936581111', '17064', 'BUS93658', 1, 1, '6', '7', '5', '41', '59', 4, 1, 1, 'Admin', '2020/09/29'),
('17064CIVIL549251111', '17064', 'CIVIL54925', 1, 1, '', '', '', '', '', 0, 1, 1, 'Admin', '2020/09/29'),
('17064CRS085261111', '17064', 'CRS08526', 1, 1, '', '', '', '', '', 0, 1, 1, 'Admin', '2020/09/29'),
('17064ENG750361111', '17064', 'ENG75036', 1, 1, '', '', '', '', '', 0, 1, 1, 'Admin', '2020/09/29'),
('17064INT916161111', '17064', 'INT91616', 1, 1, '', '', '', '', '', 0, 1, 1, 'Admin', '2020/09/29'),
('17064INTRO300471111', '17064', 'INTRO30047', 1, 1, '', '', '', '', '', 0, 1, 1, 'Admin', '2020/09/29'),
('17064LIT293321111', '17064', 'LIT29332', 1, 1, '', '', '', '', '', 0, 1, 1, 'Admin', '2020/09/29'),
('17064MATH940221111', '17064', 'MATH94022', 1, 1, '', '', '', '', '', 0, 1, 1, 'Admin', '2020/09/29'),
('17064SOC719431111', '17064', 'SOC71943', 1, 1, '', '', '', '', '', 0, 1, 1, 'Admin', '2020/09/29'),
('17065AGRIC278591111', '17065', 'AGRIC27859', 1, 1, '7', '8', '9', '63', '87', 6, 1, 1, '', '2020/09/29'),
('17065BUS936581111', '17065', 'BUS93658', 1, 1, '6', '7', '5', '54', '72', 5, 1, 1, 'Admin', '2020/09/29'),
('17065CIVIL549251111', '17065', 'CIVIL54925', 1, 1, '', '', '', '', '', 0, 1, 1, 'Admin', '2020/09/29'),
('17065CRS085261111', '17065', 'CRS08526', 1, 1, '', '', '', '', '', 0, 1, 1, 'Admin', '2020/09/29'),
('17065ENG750361111', '17065', 'ENG75036', 1, 1, '', '', '', '', '', 0, 1, 1, 'Admin', '2020/09/29'),
('17065INT916161111', '17065', 'INT91616', 1, 1, '', '', '', '', '', 0, 1, 1, 'Admin', '2020/09/29'),
('17065INTRO300471111', '17065', 'INTRO30047', 1, 1, '', '', '', '', '', 0, 1, 1, 'Admin', '2020/09/29'),
('17065LIT293321111', '17065', 'LIT29332', 1, 1, '', '', '', '', '', 0, 1, 1, 'Admin', '2020/09/29'),
('17065MATH940221111', '17065', 'MATH94022', 1, 1, '', '', '', '', '', 0, 1, 1, 'Admin', '2020/09/29'),
('17065SOC719431111', '17065', 'SOC71943', 1, 1, '', '', '', '', '', 0, 1, 1, 'Admin', '2020/09/29'),
('17066AGRIC278591111', '17066', 'AGRIC27859', 1, 1, '7', '8', '6', '52', '73', 5, 1, 1, '', '2020/09/29'),
('17066BUS936581111', '17066', 'BUS93658', 1, 1, '6', '7', '5', '62', '80', 6, 1, 1, 'Admin', '2020/09/29'),
('17066CIVIL549251111', '17066', 'CIVIL54925', 1, 1, '', '', '', '', '', 0, 1, 1, 'Admin', '2020/09/29'),
('17066CRS085261111', '17066', 'CRS08526', 1, 1, '', '', '', '', '', 0, 1, 1, 'Admin', '2020/09/29'),
('17066ENG750361111', '17066', 'ENG75036', 1, 1, '', '', '', '', '', 0, 1, 1, 'Admin', '2020/09/29'),
('17066INT916161111', '17066', 'INT91616', 1, 1, '', '', '', '', '', 0, 1, 1, 'Admin', '2020/09/29'),
('17066INTRO300471111', '17066', 'INTRO30047', 1, 1, '', '', '', '', '', 0, 1, 1, 'Admin', '2020/09/29'),
('17066LIT293321111', '17066', 'LIT29332', 1, 1, '', '', '', '', '', 0, 1, 1, 'Admin', '2020/09/29'),
('17066MATH940221111', '17066', 'MATH94022', 1, 1, '', '', '', '', '', 0, 1, 1, 'Admin', '2020/09/29'),
('17066SOC719431111', '17066', 'SOC71943', 1, 1, '', '', '', '', '', 0, 1, 1, 'Admin', '2020/09/29'),
('17067AGRIC278591111', '17067', 'AGRIC27859', 1, 1, '8', '7', '6', '61', '82', 6, 1, 1, '', '2020/09/29'),
('17067BUS936581111', '17067', 'BUS93658', 1, 1, '7', '8', '7', '51', '73', 5, 1, 1, 'Admin', '2020/09/29'),
('17067CIVIL549251111', '17067', 'CIVIL54925', 1, 1, '', '', '', '', '', 0, 1, 1, 'Admin', '2020/09/29'),
('17067CRS085261111', '17067', 'CRS08526', 1, 1, '', '', '', '', '', 0, 1, 1, 'Admin', '2020/09/29'),
('17067ENG750361111', '17067', 'ENG75036', 1, 1, '', '', '', '', '', 0, 1, 1, 'Admin', '2020/09/29'),
('17067INT916161111', '17067', 'INT91616', 1, 1, '', '', '', '', '', 0, 1, 1, 'Admin', '2020/09/29'),
('17067INTRO300471111', '17067', 'INTRO30047', 1, 1, '', '', '', '', '', 0, 1, 1, 'Admin', '2020/09/29'),
('17067LIT293321111', '17067', 'LIT29332', 1, 1, '', '', '', '', '', 0, 1, 1, 'Admin', '2020/09/29'),
('17067MATH940221111', '17067', 'MATH94022', 1, 1, '', '', '', '', '', 0, 1, 1, 'Admin', '2020/09/29'),
('17067SOC719431111', '17067', 'SOC71943', 1, 1, '', '', '', '', '', 0, 1, 1, 'Admin', '2020/09/29'),
('17068AGRIC278591111', '17068', 'AGRIC27859', 1, 1, '6', '6', '7', '68', '87', 6, 1, 1, '', '2020/09/29'),
('17068BUS936581111', '17068', 'BUS93658', 1, 1, '6', '7', '6', '67', '86', 6, 1, 1, 'Admin', '2020/09/29'),
('17068CIVIL549251111', '17068', 'CIVIL54925', 1, 1, '', '', '', '', '', 0, 1, 1, 'Admin', '2020/09/29'),
('17068CRS085261111', '17068', 'CRS08526', 1, 1, '', '', '', '', '', 0, 1, 1, 'Admin', '2020/09/29'),
('17068ENG750361111', '17068', 'ENG75036', 1, 1, '', '', '', '', '', 0, 1, 1, 'Admin', '2020/09/29'),
('17068INT916161111', '17068', 'INT91616', 1, 1, '', '', '', '', '', 0, 1, 1, 'Admin', '2020/09/29'),
('17068INTRO300471111', '17068', 'INTRO30047', 1, 1, '', '', '', '', '', 0, 1, 1, 'Admin', '2020/09/29'),
('17068LIT293321111', '17068', 'LIT29332', 1, 1, '', '', '', '', '', 0, 1, 1, 'Admin', '2020/09/29'),
('17068MATH940221111', '17068', 'MATH94022', 1, 1, '', '', '', '', '', 0, 1, 1, 'Admin', '2020/09/29'),
('17068SOC719431111', '17068', 'SOC71943', 1, 1, '', '', '', '', '', 0, 1, 1, 'Admin', '2020/09/29'),
('17069AGRIC278591111', '17069', 'AGRIC27859', 1, 1, '6', '7', '4', '20', '37', 1, 1, 1, '', '2020/09/29'),
('17069BUS936581111', '17069', 'BUS93658', 1, 1, '5', '6', '7', '70', '88', 6, 1, 1, 'Admin', '2020/09/29'),
('17069CIVIL549251111', '17069', 'CIVIL54925', 1, 1, '', '', '', '', '', 0, 1, 1, 'Admin', '2020/09/29'),
('17069CRS085261111', '17069', 'CRS08526', 1, 1, '', '', '', '', '', 0, 1, 1, 'Admin', '2020/09/29'),
('17069ENG750361111', '17069', 'ENG75036', 1, 1, '', '', '', '', '', 0, 1, 1, 'Admin', '2020/09/29'),
('17069INT916161111', '17069', 'INT91616', 1, 1, '', '', '', '', '', 0, 1, 1, 'Admin', '2020/09/29'),
('17069INTRO300471111', '17069', 'INTRO30047', 1, 1, '', '', '', '', '', 0, 1, 1, 'Admin', '2020/09/29'),
('17069LIT293321111', '17069', 'LIT29332', 1, 1, '', '', '', '', '', 0, 1, 1, 'Admin', '2020/09/29'),
('17069MATH940221111', '17069', 'MATH94022', 1, 1, '', '', '', '', '', 0, 1, 1, 'Admin', '2020/09/29'),
('17069SOC719431111', '17069', 'SOC71943', 1, 1, '', '', '', '', '', 0, 1, 1, 'Admin', '2020/09/29'),
('17070AGRIC278591111', '17070', 'AGRIC27859', 1, 1, '7', '8', '6', '67', '88', 6, 1, 1, '', '2020/09/29'),
('17070BUS936581111', '17070', 'BUS93658', 1, 1, '7', '6', '6', '49', '68', 5, 1, 1, 'Admin', '2020/09/29'),
('17070CIVIL549251111', '17070', 'CIVIL54925', 1, 1, '', '', '', '', '', 0, 1, 1, 'Admin', '2020/09/29'),
('17070CRS085261111', '17070', 'CRS08526', 1, 1, '', '', '', '', '', 0, 1, 1, 'Admin', '2020/09/29'),
('17070ENG750361111', '17070', 'ENG75036', 1, 1, '', '', '', '', '', 0, 1, 1, 'Admin', '2020/09/29'),
('17070INT916161111', '17070', 'INT91616', 1, 1, '', '', '', '', '', 0, 1, 1, 'Admin', '2020/09/29'),
('17070INTRO300471111', '17070', 'INTRO30047', 1, 1, '', '', '', '', '', 0, 1, 1, 'Admin', '2020/09/29'),
('17070LIT293321111', '17070', 'LIT29332', 1, 1, '', '', '', '', '', 0, 1, 1, 'Admin', '2020/09/29'),
('17070MATH940221111', '17070', 'MATH94022', 1, 1, '', '', '', '', '', 0, 1, 1, 'Admin', '2020/09/29'),
('17070SOC719431111', '17070', 'SOC71943', 1, 1, '', '', '', '', '', 0, 1, 1, 'Admin', '2020/09/29');

-- --------------------------------------------------------

--
-- Table structure for table `sms_session`
--

CREATE TABLE `sms_session` (
  `session_code` bigint(20) NOT NULL,
  `session_description` varchar(45) DEFAULT NULL,
  `session_status` varchar(25) DEFAULT NULL
) ENGINE=InnoDB DEFAULT CHARSET=latin1;

--
-- Dumping data for table `sms_session`
--

INSERT INTO `sms_session` (`session_code`, `session_description`, `session_status`) VALUES
(1, '2017/2018', 'ACTIVE'),
(2, '2018/2019', 'ACTIVE'),
(3, '2019/2020', 'ACTIVE'),
(4, '2020/2021', 'ACTIVE'),
(5, '2021/2022', 'ACTIVE'),
(6, '2022/2023', 'ACTIVE'),
(7, '2023/2024', 'ACTIVE'),
(8, '2024/2025', 'ACTIVE'),
(9, '2025/2026', 'ACTIVE');

-- --------------------------------------------------------

--
-- Table structure for table `sms_staff_subject`
--

CREATE TABLE `sms_staff_subject` (
  `staff_subject_code` varchar(90) NOT NULL,
  `staff_subject_staffid` varchar(45) DEFAULT NULL,
  `staff_subject_sub_code` varchar(25) DEFAULT NULL,
  `staff_subject_status` varchar(25) DEFAULT NULL
) ENGINE=InnoDB DEFAULT CHARSET=latin1;

-- --------------------------------------------------------

--
-- Table structure for table `sms_students`
--

CREATE TABLE `sms_students` (
  `student_regno` varchar(90) NOT NULL,
  `first_name` varchar(70) DEFAULT NULL,
  `middle_name` varchar(70) DEFAULT NULL,
  `last_name` varchar(70) DEFAULT NULL,
  `sex` varchar(10) DEFAULT NULL,
  `date_birth` varchar(15) DEFAULT NULL,
  `nationality` varchar(90) DEFAULT NULL,
  `state_origin` varchar(50) DEFAULT NULL,
  `lga` varchar(90) DEFAULT NULL,
  `student_class` int(15) DEFAULT NULL,
  `student_classarm` int(5) DEFAULT NULL,
  `student_class_admitted` int(45) DEFAULT NULL,
  `student_house` bigint(20) DEFAULT NULL,
  `blood_group` varchar(6) DEFAULT NULL,
  `term_admitted` int(20) DEFAULT NULL,
  `session_admitted` int(20) NOT NULL,
  `guardian_name` varchar(100) DEFAULT NULL,
  `guardian_address` text,
  `guardian_phone` varchar(15) DEFAULT NULL,
  `guardian_email` varchar(250) DEFAULT NULL,
  `image` varchar(255) DEFAULT NULL,
  `student_status` varchar(15) DEFAULT NULL
) ENGINE=InnoDB DEFAULT CHARSET=latin1;

--
-- Dumping data for table `sms_students`
--

INSERT INTO `sms_students` (`student_regno`, `first_name`, `middle_name`, `last_name`, `sex`, `date_birth`, `nationality`, `state_origin`, `lga`, `student_class`, `student_classarm`, `student_class_admitted`, `student_house`, `blood_group`, `term_admitted`, `session_admitted`, `guardian_name`, `guardian_address`, `guardian_phone`, `guardian_email`, `image`, `student_status`) VALUES
('17039', 'Ronald', 'perez', 'Msoo', '  Male', '26  /02/1989', 'Nigerian', 'Lagos', 'Ikorodu', 1, 1, 1, 0, '  O+', 1, 1, 'Josh', 'Ikorudu Lagis', '98852663', '', '../imageupload/admin11.jpg', 'ACTIVE'),
('17041', 'Tester', 'avaa', 'Tor', ' Male', '28 /02/1990', 'Nigerian', 'Plateau', 'Liyom', 1, 1, 0, 0, ' B+', 0, 1, 'James', 'Gboko', '99999999999', 'anantheophizy04@gmail.com', '../imageupload/des.jpg', 'ACTIVE'),
('17042', 'Abur', 'Ternenge', 'Peter', '   Male', '10   /12/1990', 'Ghanian', 'Accra', 'North', 1, 1, 0, 0, '   ', 0, 1, 'Apiah', 'Accra Ghabna', '9089899', '', '../imageupload/des - Copy.jpg', 'ACTIVE'),
('17043', 'Tersuur', 'Ternenge', 'Zua', 'Male', '', '', '', '', 1, 1, 0, 0, '', 0, 1, '', '', '', '', '', 'ACTIVE'),
('17044', 'Ava', 'Abua', 'Phil', 'Female', '', '', '', '', 1, 1, 0, 0, '', 0, 1, '', '', '', '', '', 'ACTIVE'),
('17045', 'Kur', 'Ben', 'Esther', 'Female', '//', '', '', '', 1, 1, 0, 0, '', 0, 1, '', '', '', '', '', 'ACTIVE'),
('17046', 'Vital', 'Igue', 'Terkimbir', 'Male', '//', '', '', '', 1, 1, 0, 0, '', 0, 1, '', '', '', '', '', 'ACTIVE'),
('17047', 'Sheddy', 'akor', 'Eche', 'Male', '//', '', '', '', 1, 1, 0, 0, '', 0, 1, '', '', '', '', '', 'ACTIVE'),
('17048', 'Damilolo', 'Ayo', 'Grace', 'Female', '//', '', '', '', 1, 1, 0, 0, '', 0, 1, '', '', '', '', '', 'ACTIVE'),
('17049', 'Ejeh', 'Kole', 'Ernest', 'Male', '//', '', '', '', 1, 1, 0, 0, '', 0, 1, '', '', '', '', '', 'ACTIVE'),
('17050', 'James', 'Attah', 'Joe', 'Male', '//', '', '', '', 1, 1, 0, 0, '', 0, 1, '', '', '', '', '', 'ACTIVE'),
('17051', 'Uche', 'Pius', 'Ugochuku', 'Male', '//', '', '', '', 1, 1, 0, 0, '', 0, 1, '', '', '', '', '', 'ACTIVE'),
('17052', 'Ugo', 'Blessing', 'Hembafan', 'Female', '//', '', '', '', 1, 1, 0, 0, '', 0, 1, '', '', '', '', '', 'ACTIVE'),
('17053', 'Omale', 'Grace', 'Igede', 'Female', '//', '', '', '', 1, 1, 0, 0, '', 0, 1, '', '', '', '', '', 'ACTIVE'),
('17054', 'Fred', 'Omale', 'Paul', 'Male', '//', '', '', '', 1, 1, 0, 0, '', 0, 1, '', '', '', '', '', 'ACTIVE'),
('17055', 'Avur', 'Chongu', 'Chou', 'Male', '//', '', '', '', 1, 1, 0, 0, '', 0, 1, '', '', '', '', '', 'ACTIVE'),
('17056', 'Teryila', 'Saul', 'Apir', 'Male', '//', '', '', '', 1, 1, 0, 0, '', 0, 1, '', '', '', '', '', 'ACTIVE'),
('17057', 'Kuman', 'Aseer', 'Kaddon', 'Female', '//', '', '', '', 1, 1, 0, 0, '', 0, 1, '', '', '', '', '', 'ACTIVE'),
('17058', 'Anande', 'Kasev', 'Dorcas', 'Female', '//', '', '', '', 1, 1, 0, 0, '', 0, 1, '', '', '', '', '', 'ACTIVE'),
('17059', 'Asue', 'Cyprine', 'Ayas', 'Male', '//', '', '', '', 1, 1, 0, 0, '', 0, 1, '', '', '', '', '', 'ACTIVE'),
('17060', 'Pila', 'Abel', 'Msuega', 'Male', '//', '', '', '', 1, 1, 0, 0, '', 0, 1, '', '', '', '', '', 'ACTIVE'),
('17061', 'Chenge', 'Ambrose', 'Nom', 'Male', '//', '', '', '', 1, 1, 0, 0, '', 0, 1, '', '', '', '', '', 'ACTIVE'),
('17062', 'Kur', 'Theo', 'Angoh', 'Male', '//', '', '', '', 1, 1, 0, 0, '', 0, 1, '', '', '', '', '', 'ACTIVE'),
('17063', 'Tor', 'Kula', 'Cian', 'Male', '//', '', '', '', 1, 1, 0, 0, '', 0, 1, '', '', '', '', '', 'ACTIVE'),
('17064', 'Adebayol', 'Peter', 'Omo', 'Male', '//', '', '', '', 1, 1, 0, 0, '', 0, 1, '', '', '', '', '', 'ACTIVE'),
('17065', 'Chinedu', 'Mary', 'Chinyere', 'Female', '//', '', '', '', 1, 1, 0, 0, '', 0, 1, '', '', '', '', '', 'ACTIVE'),
('17066', 'Chuku', 'Emeka', 'Ebuka', 'Male', '//', '', '', '', 1, 1, 0, 0, '', 0, 1, '', '', '', '', '', 'ACTIVE'),
('17067', 'Emeka', 'Joy', 'Lucy', 'Female', '//', '', '', '', 1, 1, 0, 0, '', 0, 1, '', '', '', '', '', 'ACTIVE'),
('17068', 'Ebuka', 'Martha', 'Lizzy', 'Female', '//', '', '', '', 1, 1, 0, 0, '', 0, 1, '', '', '', '', '', 'ACTIVE'),
('17069', 'Sule', 'Rita', 'Dominic', 'Female', '//', '', '', '', 1, 1, 0, 0, '', 0, 1, '', '', '', '', '', 'ACTIVE'),
('17070', 'Musa', 'Rahmat', 'Abubarka', 'Female', '//', '', '', '', 1, 1, 0, 0, '', 0, 1, '', '', '', '', '', 'ACTIVE');

-- --------------------------------------------------------

--
-- Table structure for table `sms_subject`
--

CREATE TABLE `sms_subject` (
  `subject_id` varchar(90) NOT NULL,
  `subject_code` varchar(45) NOT NULL,
  `subject_name` varchar(90) DEFAULT NULL,
  `subject_status` varchar(25) DEFAULT NULL
) ENGINE=InnoDB DEFAULT CHARSET=latin1;

--
-- Dumping data for table `sms_subject`
--

INSERT INTO `sms_subject` (`subject_id`, `subject_code`, `subject_name`, `subject_status`) VALUES
('AGRIC27859', 'AGRIC', 'AGRICULTURAL SCIENCE', 'ACTIVE'),
('BUS93658', 'BUS', 'BUSINESS STUDIES', 'ACTIVE'),
('CIVIL54925', 'CIVIL', 'CIVIL EDUCATION', 'ACTIVE'),
('CRS08526', 'CRS', 'CHRISTIAN RELIGIOUS STUDIES', 'ACTIVE'),
('ENG75036', 'ENG', 'ENGLISH', 'ACTIVE'),
('INT91616', 'INT', 'INTEGRATED SCIENCE', 'ACTIVE'),
('INTRO30047', 'INTRO', 'INTRODUCTORY TECHNOLOGY', 'ACTIVE'),
('LIT29332', 'LIT', 'LITERATURE-IN-ENGLISH', 'ACTIVE'),
('MATH94022', 'MATH', 'MATHEMATICS', 'ACTIVE'),
('PHY95323', 'PHY', 'PHYSICS', 'ACTIVE'),
('SOC71943', 'SOC', 'SOCIAL STUDIES', 'ACTIVE');

-- --------------------------------------------------------

--
-- Table structure for table `sms_term`
--

CREATE TABLE `sms_term` (
  `term_code` bigint(20) NOT NULL,
  `term_name` varchar(45) DEFAULT NULL,
  `term_status` varchar(45) DEFAULT NULL
) ENGINE=InnoDB DEFAULT CHARSET=latin1;

--
-- Dumping data for table `sms_term`
--

INSERT INTO `sms_term` (`term_code`, `term_name`, `term_status`) VALUES
(1, 'First Term', 'ACTIVE'),
(2, 'Second Term', 'ACTIVE'),
(3, 'Third Term', 'ACTIVE');

-- --------------------------------------------------------

--
-- Table structure for table `users`
--

CREATE TABLE `users` (
  `username` varchar(105) NOT NULL,
  `password` varchar(250) NOT NULL,
  `role` varchar(45) NOT NULL,
  `login_name` varchar(50) DEFAULT NULL,
  `login_status` int(2) NOT NULL,
  `user_status` varchar(25) NOT NULL
) ENGINE=InnoDB DEFAULT CHARSET=latin1;

--
-- Dumping data for table `users`
--

INSERT INTO `users` (`username`, `password`, `role`, `login_name`, `login_status`, `user_status`) VALUES
('17039', '$2y$10$/KlF2V2epab01TM3.h.iL.Tabzz2Uw6ceuy9pUqlqnTtXOZLpWbxe', 'Student', 'Msoo', 0, 'ACTIVE'),
('17041', '$2y$10$9Yo5Vf/Hlo3hoUMDyyZKGOFcK2VmOCyHDcMR1bUdnZL5CLxN80gAC', 'Student', 'Tor', 0, 'ACTIVE'),
('17042', '$2y$10$0SPPTMP97tsBSseptOUvgOVgWAUASvuDK7gBPc9pOgtrrRftXcA7G', 'Student', 'Peter', 0, 'ACTIVE'),
('17043', '$2y$10$b4.6SwefwgEvH2Sn1i8.ru9xMDJ8dKU2HJLEqgzSjFOxpMOJX3q02', 'Student', 'Zua', 0, 'ACTIVE'),
('17044', '$2y$10$Df.CpsHJsRfp4Ti4Gy6WuuvJigESgxhzN.RsEWcXPxHBjmEC3Nhzy', 'Student', 'Phil', 0, 'ACTIVE'),
('17045', '$2y$10$g4fZQpi/CixYPVPHIUCAEu3PGD5GkHDQ7mu..Faf5SAiO5vnw20ba', 'Student', 'Esther', 0, 'ACTIVE'),
('17046', '$2y$10$q5eeUy48p0in60s9losIa.eKMn9TCo3sVyWbBYtRWckzEeq8Qa7bS', 'Student', 'Terkimbir', 0, 'ACTIVE'),
('17047', '$2y$10$.VGhglTx.U2CrPhWA/1BGeNDJCltWgp8t2Hf7szp4tB0DqB0FchDq', 'Student', 'Eche', 0, 'ACTIVE'),
('17048', '$2y$10$gMTjg.vcwheTEkl.wcf71OVTU7qKCX.5T1nwjIIDx3xDulAjzmJLy', 'Student', 'Grace', 0, 'ACTIVE'),
('17049', '$2y$10$7RhJGZ2p16Z6Dwrb42mqvuBkwirtJaezkiRmNSb1oLmIzB3yvohBy', 'Student', 'Ernest', 0, 'ACTIVE'),
('17050', '$2y$10$2yJHEN56AKWCFHAIc9KnV.hWALRDmdmhlfHz1YK21M8FwGvfcZeFK', 'Student', 'Joe', 0, 'ACTIVE'),
('17051', '$2y$10$RRU/6HYyQzOgAt/X29/nRuHSxUfLGYruPeF/Yy2s7sLzsx8.8p1da', 'Student', 'Ugochuku', 0, 'ACTIVE'),
('17052', '$2y$10$rXy2/lL4LH/n3SUiBREMfuhfc/3HTFw5eH5VJAwS6aUGABbLDN3ra', 'Student', 'Hembafan', 0, 'ACTIVE'),
('17053', '$2y$10$bEcWJrjwTyXRtqX5L5NjZOHo1uAvm3QfyBKlJcN8wCfu56EWAuFpu', 'Student', 'Igede', 0, 'ACTIVE'),
('17054', '$2y$10$fwQFweefXzUUsT0JTANBLeuDKXRRAww5wa6/9vHbGGgcPB9Qp3PWa', 'Student', 'Paul', 0, 'ACTIVE'),
('17055', '$2y$10$pR2gJXOCcnxsNC6Mn5UAsezpmmfXhAkLmIKRkTmxS..S95gkSCOjS', 'Student', 'Chou', 0, 'ACTIVE'),
('17056', '$2y$10$cMJ2c1jYdfdT4/qI6p20H.3HDD7/JB7631Tiqjmtv7CW24Xf0AAaK', 'Student', 'Apir', 0, 'ACTIVE'),
('17057', '$2y$10$agrR/p2.qO3OTu9kpFlxF.dRE9fAs2VdlUppdBzmJ9t2XfIpRbt2m', 'Student', 'Kaddon', 0, 'ACTIVE'),
('17058', '$2y$10$GY8ZuzerYdgKIv5/ZNzCHelbp.lJavmfrj6wb/Vdqfh8C2a6E5jJG', 'Student', 'Dorcas', 0, 'ACTIVE'),
('17059', '$2y$10$2f7ve336ykOGLl6XIHi5l.FCXPyPVfCKg4UK3i.g8kBKZCKqNliaq', 'Student', 'Ayas', 0, 'ACTIVE'),
('17060', '$2y$10$Ps00GyMNlpg84CerKBzFuOPgCrvarynDUyNh.oCsfNX9nCR2IBRQe', 'Student', 'Msuega', 0, 'ACTIVE'),
('17061', '$2y$10$jZuWxuRsfuA3pyS9Oi9MN.Ri3.cvgiEMpJeCKH2KiyqeHPId5hFMS', 'Student', 'Nom', 0, 'ACTIVE'),
('17062', '$2y$10$9o6n9WHrfj17vstvzoYYYudpMuZcqNen5Ir.1lnc8NXMeo73d38u.', 'Student', 'Angoh', 0, 'ACTIVE'),
('17063', '$2y$10$GIbV3UdUDqdwfUVgs0yP5OD4TcMbBqFKWBkEmBwPrjAKFiLYZzQl2', 'Student', 'Cian', 0, 'ACTIVE'),
('17064', '$2y$10$jn90a3PHEXFlZRyrSlf6n.bqs4y7llPeKPh.sVkTsnWVr54kseXvG', 'Student', 'Omo', 0, 'ACTIVE'),
('17065', '$2y$10$7xLLsMfACD44I4jRP2knJ.LxpWYOCGmFnoFwlW1wKAf1u3C8V6u5u', 'Student', 'Chinyere', 0, 'ACTIVE'),
('17066', '$2y$10$xg7Y5H3mDfIilG6Wt.GFvOtYCwnzP.pfJKvP4HUVSsosbUmexlH1e', 'Student', 'Ebuka', 0, 'ACTIVE'),
('17067', '$2y$10$TfwgB/D8i94esceoFXSL0uHEnk5vxmQq56TL7S9jp7Lfx1vtM0SlC', 'Student', 'Lucy', 0, 'ACTIVE'),
('17068', '$2y$10$H7T5TGlDZCALy5w49hYJ3eA.X3v0mwYPHx7vTqTiJZxYrgt3cxSEa', 'Student', 'Lizzy', 0, 'ACTIVE'),
('17069', '$2y$10$RL/2XTqX/sso7BMOd.Tp6.UV00bb1JrwaJdR70NomCYWlx3u2Cdki', 'Student', 'Dominic', 0, 'ACTIVE'),
('17070', '$2y$10$DUg1GKdVoOQfw.GhTYxlT.pUBXPH8GfO6CWIWmmaSSJ3TZZH9E7UC', 'Student', 'Abubarka', 0, 'ACTIVE'),
('Admin', '$2y$10$r8jdlAMiE5D4Zy0sKrsBHe9C.EpiBRJuLq.FUSX47CFiS8va3fXSG', 'Admin', 'Admin', 0, 'ACTIVE'),
('IPI-2055', '$2y$10$cUOiTMpTXgioNibmZTG89eN0pHdh7CrSaIvFJTXWTFi2pK7q.NbzG', 'Formaster', 'Akuma', 0, 'ACTIVE'),
('IPI-2056', '$2y$10$/OAyXCvmX.7oaf2sYDaur.UM87QkUuufz81gr6EggACzRGDr1LdkC', 'Cashier', 'Sesughter', 0, 'ACTIVE');

--
-- Indexes for dumped tables
--

--
-- Indexes for table `sms_average_scores`
--
ALTER TABLE `sms_average_scores`
  ADD PRIMARY KEY (`avg_code`);

--
-- Indexes for table `sms_class`
--
ALTER TABLE `sms_class`
  ADD PRIMARY KEY (`class_code`),
  ADD KEY `class_code` (`class_code`);

--
-- Indexes for table `sms_classarm`
--
ALTER TABLE `sms_classarm`
  ADD PRIMARY KEY (`class_arm_code`);

--
-- Indexes for table `sms_class_subjects`
--
ALTER TABLE `sms_class_subjects`
  ADD PRIMARY KEY (`class_sub_code`);

--
-- Indexes for table `sms_cognitive`
--
ALTER TABLE `sms_cognitive`
  ADD PRIMARY KEY (`cog_id`);

--
-- Indexes for table `sms_cognitive_student`
--
ALTER TABLE `sms_cognitive_student`
  ADD PRIMARY KEY (`cog_student_id`);

--
-- Indexes for table `sms_exam_type`
--
ALTER TABLE `sms_exam_type`
  ADD PRIMARY KEY (`exam_code`);

--
-- Indexes for table `sms_formaster`
--
ALTER TABLE `sms_formaster`
  ADD PRIMARY KEY (`formaster_code`);

--
-- Indexes for table `sms_grade`
--
ALTER TABLE `sms_grade`
  ADD PRIMARY KEY (`grade_code`);

--
-- Indexes for table `sms_house`
--
ALTER TABLE `sms_house`
  ADD PRIMARY KEY (`house_code`);

--
-- Indexes for table `sms_school_setup`
--
ALTER TABLE `sms_school_setup`
  ADD PRIMARY KEY (`school_id`);

--
-- Indexes for table `sms_scores`
--
ALTER TABLE `sms_scores`
  ADD PRIMARY KEY (`score_code`);

--
-- Indexes for table `sms_session`
--
ALTER TABLE `sms_session`
  ADD PRIMARY KEY (`session_code`);

--
-- Indexes for table `sms_staff_subject`
--
ALTER TABLE `sms_staff_subject`
  ADD PRIMARY KEY (`staff_subject_code`);

--
-- Indexes for table `sms_students`
--
ALTER TABLE `sms_students`
  ADD PRIMARY KEY (`student_regno`);

--
-- Indexes for table `sms_subject`
--
ALTER TABLE `sms_subject`
  ADD PRIMARY KEY (`subject_id`);

--
-- Indexes for table `sms_term`
--
ALTER TABLE `sms_term`
  ADD PRIMARY KEY (`term_code`);

--
-- Indexes for table `users`
--
ALTER TABLE `users`
  ADD PRIMARY KEY (`username`);

--
-- AUTO_INCREMENT for dumped tables
--

--
-- AUTO_INCREMENT for table `sms_class`
--
ALTER TABLE `sms_class`
  MODIFY `class_code` bigint(20) NOT NULL AUTO_INCREMENT, AUTO_INCREMENT=4;

--
-- AUTO_INCREMENT for table `sms_classarm`
--
ALTER TABLE `sms_classarm`
  MODIFY `class_arm_code` bigint(20) NOT NULL AUTO_INCREMENT, AUTO_INCREMENT=5;

--
-- AUTO_INCREMENT for table `sms_cognitive`
--
ALTER TABLE `sms_cognitive`
  MODIFY `cog_id` bigint(20) NOT NULL AUTO_INCREMENT, AUTO_INCREMENT=11;

--
-- AUTO_INCREMENT for table `sms_exam_type`
--
ALTER TABLE `sms_exam_type`
  MODIFY `exam_code` bigint(20) NOT NULL AUTO_INCREMENT, AUTO_INCREMENT=5;

--
-- AUTO_INCREMENT for table `sms_grade`
--
ALTER TABLE `sms_grade`
  MODIFY `grade_code` bigint(20) NOT NULL AUTO_INCREMENT, AUTO_INCREMENT=7;

--
-- AUTO_INCREMENT for table `sms_house`
--
ALTER TABLE `sms_house`
  MODIFY `house_code` bigint(20) NOT NULL AUTO_INCREMENT;

--
-- AUTO_INCREMENT for table `sms_school_setup`
--
ALTER TABLE `sms_school_setup`
  MODIFY `school_id` bigint(20) NOT NULL AUTO_INCREMENT, AUTO_INCREMENT=2;

--
-- AUTO_INCREMENT for table `sms_session`
--
ALTER TABLE `sms_session`
  MODIFY `session_code` bigint(20) NOT NULL AUTO_INCREMENT, AUTO_INCREMENT=10;

--
-- AUTO_INCREMENT for table `sms_term`
--
ALTER TABLE `sms_term`
  MODIFY `term_code` bigint(20) NOT NULL AUTO_INCREMENT, AUTO_INCREMENT=4;
COMMIT;

/*!40101 SET CHARACTER_SET_CLIENT=@OLD_CHARACTER_SET_CLIENT */;
/*!40101 SET CHARACTER_SET_RESULTS=@OLD_CHARACTER_SET_RESULTS */;
/*!40101 SET COLLATION_CONNECTION=@OLD_COLLATION_CONNECTION */;
